Pre-RR,Post-RR,R-Amplitude,QRS-Interval,QRS-Area
3.708,3.64,0.99473,0.236,0.234756
3.64,3.488,0.939797,0.236,0.221792
3.488,3.248,0.850832,0.228,0.19399
3.248,3.404,0.866218,0.228,0.197498
3.404,3.624,0.904427,0.228,0.206209
3.624,3.856,0.966798,0.232,0.224297
3.856,3.912,0.981719,0.236,0.231686
3.912,3.608,0.937579,0.236,0.221269
3.608,3.412,0.871672,0.22,0.191768
3.412,3.628,0.905814,0.228,0.206525
3.628,3.764,0.991877,0.228,0.226148
3.764,3.992,0.986526,0.228,0.224928
3.992,3.964,1.0087,0.228,0.229983
3.964,3.732,0.938486,0.232,0.217729
3.732,3.608,0.909842,0.228,0.207444
3.608,3.724,0.956896,0.22,0.210517
3.724,3.848,0.999016,0.236,0.235768
3.848,3.68,1.0009,0.228,0.228205
3.68,3.524,0.888958,0.232,0.206238
3.524,3.6,0.908415,0.228,0.207119
3.6,3.796,0.950674,0.228,0.216754
3.796,4.084,0.986517,0.228,0.224926
4.084,3.94,1.00409,0.228,0.228933
3.94,3.66,0.950594,0.228,0.216735
3.66,3.648,0.886397,0.228,0.202099
3.648,3.676,0.95739,0.232,0.222114
3.676,3.892,0.98847,0.228,0.225371
3.892,3.744,0.980091,0.228,0.223461
3.744,3.632,0.907692,0.232,0.210584
3.632,3.828,0.878726,0.232,0.203865
3.828,4.032,0.967774,0.232,0.224523
4.032,3.948,1.01165,0.232,0.234703
3.948,3.728,0.975081,0.228,0.222319
3.728,3.552,0.881225,0.232,0.204444
3.552,3.584,0.940548,0.232,0.218207
3.584,3.964,0.988231,0.232,0.229269
3.964,3.992,0.990361,0.232,0.229764
3.992,3.804,0.927389,0.232,0.215154
3.804,4.036,0.941003,0.236,0.222077
4.036,3.912,0.98072,0.232,0.227527
3.912,3.576,0.972703,0.232,0.225667
3.576,3.468,0.693612,0.228,0.158144
3.468,3.584,0.947396,0.224,0.212217
3.584,3.728,0.974999,0.228,0.2223
3.728,3.792,0.974469,0.228,0.222179
3.792,3.72,0.685908,0.228,0.156387
3.72,3.856,0.661672,0.228,0.150861
3.856,4.06,0.72366,0.228,0.164994
4.06,4.004,0.741648,0.232,0.172062
4.004,3.716,0.680146,0.24,0.163235
3.716,3.668,0.679852,0.232,0.157726
3.668,3.792,0.749352,0.232,0.17385
3.792,3.864,0.741285,0.236,0.174943
3.864,3.768,0.699539,0.232,0.162293
3.768,3.688,0.699353,0.232,0.16225
3.688,3.544,0.746865,0.228,0.170285
3.544,3.488,0.721744,0.232,0.167445
3.488,3.648,0.68017,0.228,0.155079
3.648,3.848,0.717103,0.228,0.163499
3.848,3.868,0.776233,0.232,0.180086
3.868,3.808,0.733896,0.228,0.167328
3.808,3.748,0.700359,0.236,0.165285
3.748,3.664,0.736412,0.224,0.164956
3.664,3.76,0.726088,0.232,0.168452
3.76,3.524,0.645937,0.236,0.152441
3.524,3.592,0.708562,0.228,0.161552
3.592,3.656,0.71333,0.232,0.165493
3.656,4.064,0.736475,0.236,0.173808
4.064,3.952,0.679381,0.232,0.157616
3.952,3.88,0.714783,0.236,0.168689
3.88,4.096,0.74388,0.228,0.169605
4.096,4.24,0.730837,0.228,0.166631
4.24,7.904,0.725252,0.232,0.168258
7.904,4.036,0.739369,0.232,0.171534
4.036,4.44,0.70909,0.228,0.161672
4.44,4.408,0.746579,0.228,0.17022
4.408,4.408,0.688471,0.228,0.156971
4.408,8.132,0.704944,0.232,0.163547
8.132,4.052,0.708922,0.232,0.16447
4.052,4.144,0.752122,0.236,0.177501
4.144,11.68,0.694368,0.232,0.161093
11.68,4.072,0.744838,0.224,0.166844
4.072,4.228,0.745729,0.232,0.173009
4.228,24.164,0.711675,0.236,0.167955
24.164,4.408,0.735015,0.232,0.170524
4.408,4.368,0.742564,0.22,0.163364
4.368,4.34,0.709157,0.228,0.161688
4.34,4.216,0.697907,0.236,0.164706
4.216,4.144,0.715172,0.232,0.16592
4.144,4.124,0.713644,0.232,0.165565
4.124,8.108,0.72661,0.24,0.174386
8.108,4.276,0.744511,0.232,0.172727
4.276,4.464,0.77185,0.236,0.182157
4.464,12.164,0.693443,0.232,0.160879
12.164,3.964,0.729274,0.228,0.166275
3.964,4.08,0.684692,0.236,0.161587
4.08,11.444,0.763813,0.236,0.18026
11.444,3.984,0.7339,0.228,0.167329
3.984,3.996,0.711299,0.232,0.165021
3.996,7.728,0.705344,0.232,0.16364
7.728,3.628,0.728625,0.228,0.166126
3.628,7.308,0.682661,0.232,0.158377
7.308,3.912,0.667131,0.228,0.152106
3.912,4.408,0.726075,0.232,0.168449
4.408,7.6,0.748786,0.228,0.170723
7.6,3.484,0.69128,0.232,0.160377
3.484,3.68,0.697491,0.228,0.159028
3.68,7.18,0.733204,0.232,0.170103
7.18,3.816,0.727477,0.232,0.168775
3.816,4.008,0.756628,0.228,0.172511
4.008,8.36,0.788524,0.232,0.182938
8.36,4.148,0.717652,0.228,0.163625
4.148,4.324,0.755116,0.232,0.175187
4.324,7.532,0.695493,0.232,0.161354
7.532,3.716,0.707972,0.224,0.158586
3.716,3.804,0.725691,0.228,0.165458
3.804,3.784,0.706328,0.232,0.163868
3.784,3.864,0.700705,0.228,0.159761
3.864,4.156,0.709969,0.232,0.164713
4.156,4.364,0.727149,0.232,0.168699
4.364,4.268,0.693664,0.232,0.16093
4.268,8,0.665269,0.232,0.154342
8,4.06,0.749412,0.228,0.170866
4.06,4.052,0.724391,0.232,0.168059
4.052,3.988,0.711998,0.232,0.165184
3.988,3.988,0.665806,0.228,0.151804
3.988,4.256,0.708928,0.232,0.164471
4.256,8.232,0.728275,0.228,0.166047
8.232,4.24,0.689505,0.232,0.159965
4.24,4.248,0.697457,0.228,0.15902
4.248,4.088,0.743932,0.232,0.172592
4.088,4.212,0.72781,0.224,0.163029
4.212,4.236,0.734563,0.232,0.170419
4.236,8.148,0.733615,0.228,0.167264
8.148,4.128,0.711638,0.232,0.1651
4.128,4.168,0.697796,0.228,0.159097
4.168,4.128,0.757611,0.228,0.172735
4.128,4.296,0.694194,0.228,0.158276
4.296,4.528,0.728526,0.228,0.166104
4.528,8.588,0.695662,0.232,0.161394
8.588,4.244,0.706413,0.232,0.163888
4.244,4.208,0.735053,0.228,0.167592
4.208,4.072,0.689954,0.236,0.162829
4.072,4.12,0.715627,0.232,0.166025
4.12,4.272,0.735146,0.232,0.170554
4.272,4.22,0.753302,0.228,0.171753
4.22,4.196,0.756011,0.236,0.178419
4.196,4.296,0.713318,0.228,0.162637
4.296,4.36,0.679826,0.232,0.15772
4.36,4.328,0.762553,0.232,0.176912
4.328,4.196,0.695479,0.228,0.158569
4.196,4.188,0.707437,0.228,0.161296
4.188,4.272,0.663128,0.224,0.148541
4.272,4.024,0.677015,0.236,0.159776
4.024,3.956,0.708045,0.228,0.161434
3.956,4.076,0.671369,0.232,0.155758
4.076,4.244,0.731698,0.236,0.172681
4.244,4.312,0.748227,0.224,0.167603
4.312,4.368,0.712485,0.236,0.168146
4.368,4.328,0.667446,0.228,0.152178
4.328,8.136,0.668115,0.232,0.155003
3.708,3.64,1.81793,0.232,0.421759
3.64,3.492,1.84033,0.236,0.434319
3.492,3.248,1.81745,0.236,0.428919
3.248,3.404,1.73978,0.232,0.403628
3.404,3.62,1.74338,0.228,0.39749
3.62,3.856,1.7928,0.236,0.423101
3.856,3.912,1.80025,0.236,0.424859
3.912,3.612,1.83256,0.236,0.432484
3.612,3.412,1.82619,0.228,0.416371
3.412,3.624,1.81061,0.232,0.420063
3.624,3.764,1.82497,0.232,0.423392
3.764,3.992,1.81216,0.232,0.420421
3.992,3.968,1.83893,0.232,0.426633
3.968,3.728,1.82553,0.236,0.430825
3.728,3.608,1.83793,0.232,0.426401
3.608,3.724,1.81134,0.228,0.412985
3.724,3.852,1.82527,0.236,0.430764
3.852,3.68,1.87253,0.232,0.434427
3.68,3.524,1.83919,0.236,0.434048
3.524,3.596,1.83126,0.232,0.424852
3.596,3.796,1.81059,0.228,0.412815
3.796,4.084,1.84106,0.232,0.427125
4.084,3.944,1.86235,0.232,0.432066
3.944,3.656,1.84722,0.232,0.428556
3.656,3.648,1.8294,0.236,0.431739
3.648,3.676,1.82067,0.236,0.429678
3.676,3.892,1.80822,0.232,0.419506
3.892,3.744,1.87313,0.236,0.442058
3.744,3.632,1.85787,0.236,0.438458
3.632,3.832,1.81779,0.236,0.428998
3.832,4.028,1.83595,0.236,0.433285
4.028,3.948,1.83543,0.236,0.433162
3.948,3.728,1.85909,0.232,0.431308
3.728,3.552,1.83346,0.236,0.432696
3.552,3.588,1.85124,0.236,0.436893
3.588,3.96,1.81719,0.232,0.421588
3.96,3.992,1.85565,0.232,0.430511
3.992,3.804,1.85524,0.236,0.437838
3.804,4.036,1.88747,0.236,0.445443
4.036,3.912,1.82924,0.236,0.4317
3.912,3.552,1.87909,0.236,0.443466
3.552,3.492,1.80937,0.232,0.419775
3.492,3.584,1.8162,0.228,0.414094
3.584,3.732,1.79303,0.232,0.415983
3.732,3.764,1.78098,0.232,0.413187
3.764,3.716,1.83618,0.236,0.433338
3.716,3.856,1.82388,0.232,0.42314
3.856,4.06,1.83469,0.232,0.425649
4.06,4.004,1.81953,0.232,0.422131
4.004,3.716,1.84248,0.24,0.442195
3.716,3.672,1.86869,0.232,0.433536
3.672,3.788,1.80645,0.232,0.419097
3.788,3.868,1.83325,0.236,0.432647
3.868,3.764,1.86955,0.236,0.441213
3.764,3.688,1.83149,0.236,0.432231
3.688,3.552,1.81876,0.232,0.421951
3.552,3.484,1.80761,0.236,0.426595
3.484,3.644,1.81285,0.232,0.420582
3.644,3.848,1.81852,0.232,0.421896
3.848,3.872,1.85991,0.232,0.431498
3.872,3.808,1.89748,0.236,0.447805
3.808,3.744,1.83873,0.236,0.43394
3.744,3.668,1.84737,0.228,0.421201
3.668,3.752,1.76667,0.232,0.409867
3.752,3.532,1.83258,0.236,0.432488
3.532,3.588,1.828,0.232,0.424095
3.588,3.656,1.8124,0.236,0.427726
3.656,4.06,1.81128,0.232,0.420216
4.06,3.96,1.79992,0.232,0.417582
3.96,3.88,1.87374,0.24,0.449697
3.88,4.092,1.85014,0.232,0.429231
4.092,4.24,1.8305,0.232,0.424677
4.24,4.02,1.85244,0.232,0.429765
4.02,3.888,1.82483,0.232,0.423362
3.888,4.032,1.8783,0.236,0.443278
4.032,4.44,1.8336,0.228,0.418061
4.44,4.404,1.80706,0.232,0.419237
4.404,4.416,1.80023,0.232,0.417653
4.416,4.032,1.84798,0.24,0.443516
4.032,4.096,1.85439,0.236,0.437636
4.096,4.052,1.86577,0.232,0.432859
4.052,4.144,1.86047,0.236,0.439071
4.144,4.004,1.84738,0.232,0.428592
4.004,3.808,1.86385,0.236,0.439868
3.808,3.868,1.87549,0.236,0.442617
3.868,4.072,1.88171,0.228,0.429029
4.072,4.232,1.87674,0.232,0.435403
4.232,3.98,1.84866,0.24,0.443677
3.98,3.508,1.81036,0.232,0.420003
3.508,3.32,1.69597,0.22,0.373114
3.32,4.024,1.6502,0.228,0.376246
4.024,4.732,1.74136,0.228,0.397031
4.732,4.6,1.7908,0.232,0.415465
4.6,4.408,1.80456,0.232,0.418659
4.408,4.364,1.81928,0.228,0.414796
4.364,4.34,1.77961,0.232,0.412869
4.34,4.216,1.77225,0.236,0.41825
4.216,4.144,1.78442,0.236,0.421122
4.144,4.124,1.84762,0.236,0.436038
4.124,4.016,1.80509,0.236,0.426002
4.016,4.092,1.81611,0.236,0.428602
4.092,4.28,1.84726,0.236,0.435953
4.28,4.456,1.85011,0.232,0.429226
4.456,4.26,1.84848,0.236,0.436242
4.26,4.008,1.82631,0.236,0.431009
4.008,3.9,1.81586,0.232,0.42128
3.9,3.96,1.86559,0.232,0.432816
3.96,4.088,1.84015,0.236,0.434276
4.088,3.884,1.8512,0.232,0.429479
3.884,3.672,1.8931,0.236,0.44677
3.672,3.884,1.82293,0.236,0.430211
3.884,3.984,1.84669,0.228,0.421045
3.984,3.996,1.84863,0.236,0.436277
3.996,3.936,1.85583,0.232,0.430552
3.936,3.796,1.86242,0.236,0.439531
3.796,3.624,1.802,0.232,0.418065
3.624,3.588,1.76666,0.232,0.409866
3.588,3.72,1.82009,0.24,0.436821
3.72,3.912,1.84259,0.232,0.427482
3.912,4.408,1.83723,0.236,0.433586
4.408,4.02,1.79516,0.232,0.416478
4.02,3.58,1.86691,0.236,0.440591
3.58,3.484,1.81885,0.236,0.42925
3.484,3.68,1.76297,0.232,0.40901
3.68,3.6,1.81108,0.232,0.420171
3.6,3.584,1.81982,0.236,0.429477
3.584,3.812,1.83079,0.232,0.424742
3.812,4.012,1.85663,0.232,0.430738
4.012,4.208,1.88378,0.236,0.444573
4.208,4.148,1.8894,0.236,0.445899
4.148,4.148,1.84425,0.232,0.427867
4.148,4.324,1.83993,0.236,0.434223
4.324,3.872,1.82353,0.236,0.430354
3.872,3.66,1.81935,0.236,0.429367
3.66,3.716,1.81418,0.224,0.406376
3.716,3.808,1.77147,0.228,0.403895
3.808,3.784,1.87231,0.236,0.441865
3.784,3.86,1.84181,0.232,0.427299
3.86,4.156,1.84366,0.232,0.427728
4.156,4.36,1.82389,0.232,0.423142
4.36,4.272,1.81342,0.232,0.420714
4.272,3.956,1.83701,0.232,0.426187
3.956,4.044,1.8203,0.232,0.422309
4.044,4.06,1.84461,0.232,0.42795
4.06,4.056,1.86272,0.236,0.439601
4.056,3.984,1.86928,0.236,0.441151
3.984,3.988,1.85282,0.232,0.429855
3.988,4.256,1.81498,0.236,0.428336
4.256,4.128,1.83569,0.232,0.425881
4.128,4.1,1.82017,0.236,0.429559
4.1,4.24,1.8863,0.236,0.445167
4.24,4.26,1.81887,0.236,0.429254
4.26,4.084,1.82416,0.236,0.430501
4.084,4.208,1.83378,0.228,0.418102
4.208,4.236,1.86413,0.236,0.439936
4.236,4.1,1.80865,0.232,0.419608
4.1,4.048,1.8524,0.236,0.437167
4.048,4.124,1.84607,0.232,0.428289
4.124,4.18,1.81751,0.232,0.421662
4.18,4.12,1.83552,0.236,0.433184
4.12,4.296,1.82963,0.232,0.424473
4.296,4.528,1.82063,0.232,0.422386
4.528,4.328,1.82597,0.236,0.43093
4.328,4.26,1.83658,0.236,0.433433
4.26,4.244,1.82687,0.232,0.423833
4.244,4.208,1.82451,0.232,0.423287
4.208,4.076,1.82543,0.236,0.430802
4.076,4.116,1.85432,0.236,0.437618
4.116,4.272,1.82173,0.236,0.429928
4.272,4.228,1.82081,0.232,0.422427
4.228,4.192,1.8468,0.236,0.435845
4.192,4.292,1.8371,0.232,0.426207
4.292,4.36,1.8376,0.232,0.426323
4.36,4.332,1.8131,0.236,0.427891
4.332,4.196,1.84107,0.232,0.427129
4.196,4.18,1.81234,0.232,0.420464
4.18,4.276,1.83008,0.232,0.424578
4.276,4.028,1.79374,0.232,0.416148
4.028,3.952,1.86777,0.232,0.433323
3.952,4.076,1.8438,0.236,0.435138
4.076,4.248,1.79462,0.236,0.423529
4.248,4.312,1.87368,0.232,0.434693
4.312,4.36,1.83914,0.232,0.426681
4.36,4.332,1.82629,0.232,0.423699
4.332,4.072,1.83249,0.232,0.425137
4.072,4.064,1.83206,0.232,0.425039
3.708,3.64,0.847616,0.232,0.196647
3.64,3.488,0.931744,0.232,0.216165
3.488,3.252,0.995292,0.24,0.23887
3.252,3.4,0.89988,0.232,0.208772
3.4,3.624,0.862728,0.232,0.200153
3.624,3.856,0.842981,0.236,0.198943
3.856,3.912,0.837651,0.236,0.197686
3.912,3.608,0.927302,0.236,0.218843
3.608,3.412,0.97594,0.232,0.226418
3.412,3.628,0.925635,0.236,0.21845
3.628,3.764,0.862845,0.236,0.203631
3.764,3.992,0.851498,0.236,0.200954
3.992,3.968,0.851888,0.236,0.201045
3.968,3.724,0.916449,0.236,0.216282
3.724,3.612,0.945352,0.236,0.223103
3.612,3.724,0.873186,0.236,0.206072
3.724,3.848,0.845938,0.232,0.196258
3.848,3.684,0.894385,0.24,0.214652
3.684,3.52,0.977646,0.24,0.234635
3.52,3.6,0.946294,0.236,0.223325
3.6,3.796,0.889373,0.228,0.202777
3.796,4.084,0.868872,0.236,0.205054
4.084,3.944,0.875297,0.236,0.20657
3.944,3.656,0.921792,0.24,0.22123
3.656,3.648,0.969835,0.236,0.228881
3.648,3.676,0.882887,0.232,0.20483
3.676,3.892,0.840459,0.232,0.194986
3.892,3.744,0.916689,0.24,0.220005
3.744,3.632,0.979429,0.24,0.235063
3.632,3.828,0.966665,0.236,0.228133
3.828,4.068,0.889302,0.236,0.209875
4.068,3.944,0.703333,0.236,0.165987
3.944,3.728,0.778903,0.236,0.183821
3.728,3.552,0.806506,0.24,0.193561
3.552,3.592,0.789992,0.236,0.186438
3.592,3.956,0.685185,0.232,0.158963
3.956,4,0.757338,0.236,0.178732
4,3.8,0.719242,0.24,0.172618
3.8,4.032,0.751397,0.24,0.180335
4.032,3.92,0.729183,0.236,0.172087
3.92,3.552,0.704413,0.24,0.169059
3.552,3.488,0.704853,0.232,0.163526
3.488,3.58,0.704482,0.232,0.16344
3.58,3.728,0.732095,0.236,0.172774
3.728,3.772,0.732978,0.236,0.172983
3.772,3.712,0.742431,0.232,0.172244
3.712,3.856,0.78803,0.236,0.185975
3.856,4.064,0.729998,0.236,0.17228
4.064,4.008,0.711372,0.236,0.167884
4.008,3.716,0.705505,0.236,0.166499
3.716,3.664,0.699397,0.236,0.165058
3.664,3.796,0.72232,0.232,0.167578
3.796,3.86,0.691896,0.24,0.166055
3.86,3.768,0.779784,0.236,0.184029
3.768,3.688,0.720488,0.236,0.170035
3.688,3.552,0.712361,0.224,0.159569
3.552,3.484,0.727687,0.236,0.171734
3.484,3.64,0.721546,0.228,0.164513
3.64,3.852,0.741524,0.232,0.172034
3.852,3.864,0.724884,0.22,0.159475
3.864,3.812,0.804361,0.24,0.193047
3.812,3.748,0.756568,0.236,0.17855
3.748,7.424,0.741366,0.236,0.174962
7.424,3.528,0.697389,0.24,0.167373
3.528,3.588,0.752219,0.232,0.174515
3.588,3.652,0.719948,0.236,0.169908
3.652,4.068,0.71674,0.22,0.157683
4.068,3.956,0.672093,0.236,0.158614
3.956,3.88,0.762238,0.236,0.179888
3.88,4.096,0.724184,0.232,0.168011
4.096,4.24,0.678132,0.236,0.160039
4.24,4.016,0.680019,0.236,0.160484
4.016,3.888,0.742347,0.236,0.175194
3.888,4.036,0.750357,0.24,0.180086
4.036,4.436,0.704409,0.232,0.163423
4.436,8.82,0.714709,0.236,0.168671
8.82,4.036,0.734369,0.236,0.173311
4.036,4.092,0.731604,0.24,0.175585
4.092,4.056,0.720868,0.236,0.170125
4.056,4.144,0.675803,0.236,0.159489
4.144,4.004,0.678912,0.236,0.160223
4.004,3.796,0.714425,0.236,0.168604
3.796,3.876,0.813664,0.24,0.195279
3.876,4.068,0.755532,0.232,0.175283
4.068,4.24,0.732005,0.216,0.158113
4.24,3.976,0.696524,0.236,0.16438
3.976,3.504,0.822844,0.232,0.1909
3.504,3.316,0.759675,0.232,0.176245
3.316,4.032,0.80167,0.228,0.182781
4.032,4.728,0.780044,0.236,0.18409
4.728,4.604,0.768776,0.236,0.181431
4.604,4.408,0.726707,0.232,0.168596
4.408,25.208,0.697379,0.232,0.161792
25.208,8.364,0.718797,0.24,0.172511
8.364,4.468,0.712877,0.236,0.168239
4.468,4.252,0.676819,0.236,0.159729
4.252,4.008,0.756338,0.232,0.175471
4.008,3.9,0.711855,0.236,0.167998
3.9,3.96,0.764546,0.236,0.180433
3.96,4.084,0.728563,0.224,0.163198
4.084,3.888,0.769341,0.224,0.172332
3.888,3.672,0.746112,0.24,0.179067
3.672,3.884,0.730011,0.236,0.172283
3.884,3.984,0.746307,0.228,0.170158
3.984,4.004,0.71192,0.236,0.168013
4.004,3.92,0.690626,0.236,0.162988
3.92,3.8,0.794604,0.236,0.187527
3.8,7.216,0.759739,0.232,0.176259
7.216,3.724,0.764122,0.24,0.183389
3.724,3.912,0.703205,0.236,0.165956
3.912,4.408,0.700089,0.244,0.170822
4.408,4.012,0.666023,0.232,0.154517
4.012,3.588,0.785778,0.236,0.185444
3.588,7.164,0.694901,0.236,0.163997
7.164,3.6,0.701249,0.236,0.165495
3.6,3.576,0.735979,0.236,0.173691
3.576,3.812,0.759779,0.228,0.17323
3.812,4.016,0.76193,0.236,0.179815
4.016,4.208,0.725267,0.232,0.168262
4.208,4.152,0.776461,0.232,0.180139
4.152,4.14,0.676019,0.236,0.15954
4.14,4.332,0.757823,0.236,0.178846
4.332,3.864,0.686233,0.24,0.164696
3.864,3.664,0.777536,0.232,0.180388
3.664,3.72,0.700631,0.22,0.154139
3.72,3.808,0.651257,0.224,0.145882
3.808,3.78,0.722116,0.232,0.167531
3.78,3.86,0.723765,0.232,0.167914
3.86,4.16,0.724756,0.232,0.168143
4.16,4.36,0.672115,0.224,0.150554
4.36,4.268,0.680748,0.236,0.160657
4.268,3.956,0.749034,0.232,0.173776
3.956,4.044,0.746393,0.236,0.176149
4.044,4.064,0.72837,0.232,0.168982
4.064,4.056,0.672008,0.236,0.158594
4.056,3.98,0.713018,0.24,0.171124
3.98,3.984,0.725695,0.236,0.171264
3.984,4.26,0.720578,0.232,0.167174
4.26,4.128,0.740236,0.236,0.174696
4.128,4.1,0.720609,0.236,0.170064
4.1,4.244,0.719461,0.232,0.166915
4.244,4.26,0.681736,0.232,0.158163
4.26,4.072,0.677967,0.236,0.16
4.072,4.212,0.758885,0.224,0.16999
4.212,4.248,0.738822,0.24,0.177317
4.248,4.096,0.665554,0.236,0.157071
4.096,4.048,0.717652,0.236,0.169366
4.048,4.12,0.689374,0.236,0.162692
4.12,4.18,0.676741,0.232,0.157004
4.18,4.124,0.739183,0.236,0.174447
4.124,4.296,0.682857,0.236,0.161154
4.296,4.524,0.692155,0.236,0.163349
4.524,4.328,0.717872,0.232,0.166546
4.328,4.256,0.721831,0.24,0.173239
4.256,8.46,0.759009,0.24,0.182162
8.46,4.072,0.702096,0.236,0.165695
4.072,4.116,0.749112,0.236,0.17679
4.116,4.28,0.735198,0.232,0.170566
4.28,4.22,0.637534,0.236,0.150458
4.22,4.188,0.725964,0.236,0.171328
4.188,4.3,0.760321,0.236,0.179436
4.3,4.356,0.67815,0.24,0.162756
4.356,4.336,0.702379,0.24,0.168571
4.336,4.192,0.697906,0.236,0.164706
4.192,4.184,0.698374,0.232,0.162023
4.184,4.272,0.66534,0.228,0.151698
4.272,4.028,0.683083,0.236,0.161207
4.028,3.956,0.741772,0.24,0.178025
3.956,4.068,0.692531,0.24,0.166208
4.068,4.256,0.733668,0.232,0.170211
4.256,4.304,0.728034,0.24,0.174728
4.304,4.368,0.761996,0.228,0.173735
4.368,4.332,0.692107,0.236,0.163337
4.332,4.072,0.683416,0.236,0.161286
4.072,4.06,0.714643,0.24,0.171514
